epoch,train_loss,train_accuracy,val_loss,val_accuracy
1,0.6747042528956173,0.7402941885700507,0.12297113920745721,0.9620573355817875
2,0.08295062406306127,0.9758861827827345,0.050428009631259846,0.9881956155143339
3,0.026002829566989603,0.9932481311791657,0.0331109578502922,0.9907251264755481
4,0.012178519630208629,0.9975886182782735,0.02352768381269143,0.9924114671163575
5,0.01808960310538073,0.994453822040029,0.029206602666118697,0.9915682967959528
6,0.004584292083716347,0.9995177236556547,0.016770096589979192,0.9949409780775716
7,0.0019328635389648677,1.0,0.020337504439973106,0.9949409780775716
8,0.0013977314032196967,1.0,0.02473247491300709,0.9932546374367622
9,0.0010246626424095845,1.0,0.01793158334847948,0.9949409780775716
10,0.0008724572035433037,1.0,0.02482295850791276,0.9940978077571669
11,0.0006945303462496041,1.0,0.026606294948412938,0.9940978077571669
12,0.0006202589483488232,1.0,0.02386381073020914,0.9949409780775716
13,0.0005196152572407339,1.0,0.025164033050694413,0.9940978077571669
14,0.0004836781696543436,1.0,0.026143814862704198,0.9940978077571669
15,0.000397860058383726,1.0,0.024434074583584302,0.9940978077571669
16,0.00035823710290398445,1.0,0.0237453726778344,0.9949409780775716
17,0.0003094382082150424,1.0,0.023908309150851546,0.9940978077571669
18,0.0006308312788794335,0.9997588618278274,0.052332476064135616,0.9839797639123102
19,0.010548882377303621,0.9971063419339281,0.09253096694211534,0.978920741989882
20,0.04521933862275177,0.9862551241861587,0.03917062846695593,0.9839797639123102
21,0.01102053761641801,0.9963829274174102,0.02202764683690481,0.9932546374367622
22,0.008648433954487972,0.9973474801061007,0.03464435096748659,0.9890387858347386
23,0.013487185560947973,0.9949360983843742,0.027956239332587885,0.9940978077571669
24,0.004304411872495563,0.9990354473113093,0.016765606974394488,0.9949409780775716
25,0.001316898094513695,0.9997588618278274,0.017214226435153773,0.9932546374367622
26,0.00045898043179324455,1.0,0.017576152796057662,0.9932546374367622
27,0.0002888275891680718,1.0,0.019357963988532328,0.9940978077571669
28,0.00023121127543030188,1.0,0.020021767124241537,0.9940978077571669
29,0.0001957962733666696,1.0,0.020526592129712664,0.9940978077571669
30,0.00018128035989063522,1.0,0.01977848690898357,0.9949409780775716
